titolo;stock;note
A Betlemme di Giudea;0;
Acclamate al Signore;0;
Accogli Signore i nostri doni;0;
Acqua siamo noi;11;
Adesso è la pienezza;3;
Adeste Fideles;0;
Agnello di Dio (Buttazzo - Vita nuova con te);0;
Agnello di Dio (Buttazzo, Dargenio - Esulta il cielo);0;
Agnello di Dio (De Dominicis);0;
Agnello di Dio (Giorgi);0;
Agnello di Dio (Messa della gioia);0;
Agnello di Dio (Picchi);0;
Agnello di Dio 2 (Buttazzo - Sorgente di unità);0;
Alleluia (celtic);0;
Alleluia a colui che risuscitò;0;
Alleluia, Signore sei venuto;0;Insieme a: Alleluia, la tua parola
Alleluia, canto per Cristo;9;Insieme a: Alleluia, chi ascolta e Alleluia, passeranno i cieli
Alleluia, chi ascolta;0;Insieme a: Alleluia,canto per Cristo e Alleluia, passeranno i cieli
Alleluia, ed oggi ancora;1;Insieme a: Alleluia, la nostra festa e Alleluia, rendete grazie
Alleluia, la nostra festa;0;Insieme a: Alleluia, ed oggi ancora e Alleluia, rendete grazie
Alleluia, la tua parola;13;Insieme a: Alleluia, Signore sei venuto
Alleluia, lode cosmica;0;
Alleluia, ora lui vive;0;
Alleluia, passeranno i cieli;0;Insieme a: Alleluia,canto per Cristo e Alleluia, chi ascolta
Alleluia, questa tua parola;0;
Alleluia, rendete grazie;0;Insieme a: Alleluia, la nostra festa e Alleluia, ed oggi ancora
Alma misionera;0;
Altissimo;0;
Alzati e risplendi;0;
Amatevi l'un l'altro;0;
Andate per le strade;10;Insieme a: Dolce sentire
Anima Christi;0;
Anima di Cristo;14;
Antica eterna danza;0;
Astro del ciel;0;
Ave Maria (Sequeri);0;
Ave Maria ora pro nobis;0;
Ave Maria, gratia plena;13;Insieme a: Ecco l'acqua
Beati voi;5;
Beato è il cuore che perdona (Inno GMG 2016);0;
Benedici, o Signore;0;
Benediciamo il Signore;0;
Benedirò il Signore;0;
Camminerò;3;
Camminiamo sulla strada;0;
Canta e cammina;0;
Cantiamo Te;0;
Cantico dei redenti;0;
Canto dell'acqua;0;
Canto dell'amicizia;0;
Che gioia ci hai dato (Resurrezione);10;
Chi?;0;
Chiamati per nome;6;
Chiesa del Risorto;0;
Chiesa di Dio;0;
Com'è bello, Signor, stare insieme;0;
Come Maria;11;
Come Tu mi vuoi;0;
Come fuoco vivo;0;
Come il cervo va;0;
Come ti ama Dio;1;
Come un fiume;0;
Con gioia veniamo a te;0;
Con voce di Giubilo;0;
Cristo vive in mezzo a noi;0;
Cristo è risorto veramente;0;
Dall'aurora al tramonto;0;
Dio si è fatto come noi;0;
Dolce sentire;0;
Dov'è carità e amore;0;
E la strada si apre;0;
E sono solo un uomo;0;
Ecco il nostro si;0;
Ecco il pane;0;
Ecco l'acqua;0;
Ecco l'acqua che sgorga;0;
Ecco quel che abbiamo;0;
Eccomi;0;
Emmanuel;0;
Emmanuel Tu sei;0;
Evenu shalom;0;
Frutto della nostra terra;0;
Giovane donna;3;
Gloria (Buttazzo - Vita nuova con Te);12;
Gloria (Giombini);12;
Gloria (Mariano);27;
Gloria (Messa della gioia);0;
Gloria nell'alto dei cieli (Gen Verde);0;
Grandi cose;0;
Hopes of peace;0;
Há pressa no ar - international;0;
Há pressa no ar - italiano;0;
I cieli narrano;0;
Il canto del mare;0;
Il canto dell'amore;0;
Il disegno;0;
Il pane del cammino;9;
In cerca d'autore;0;
In notte placida;0;
Incontro a te;0;
Innalziamo lo sguardo;0;
Invochiamo la tua presenza;3;
Isaia 11;0;
Jesus Christ, You are my life;0;
Kyrie eleison (Berthier - Taizé);0;
Kyrie eleison (La nostra Eucaristia);0;
Kyrie, Tu che per noi (Messa della gioia);0;
La canzone di Luciano;0;
La mia anima canta;0;
La pace del Signore;0;
La pace sia con te;0;
La preghiera di Gesù e la nostra;0;
Laudato sii;0;
Le beatitudini;0;
Le tue mani;0;
Lo Spirito del Signore;0;
Lode e gloria;2;Insieme a: Lode e gloria a Te
Lode e gloria a Te;0;Insieme a: Lode e gloria
Madonna di Czestochowa (Madonna nera);9;
Madre Santa;0;
Madre, io vorrei;0;
Mani;0;
Maranathà, vieni Signor;0;
Mi indicherai;0;
Musica di festa;10;
Nel tuo silenzio;0;
Noi con Te;0;
Noi saremo il pane;0;
Noi veglieremo;0;
Noi veniamo a Te;0;
Offertorio (Prendiamo e mangiamo);0;
Ogni mia parola;0;
Ora è tempo di andare;0;
Ora è tempo di gioia;0;
Osanna al figlio di David;0;
Pace sia, pace a voi;8;
Pane del cielo;9;
Pane di vita nuova;9;
Pellegrini di speranza;0;
Perché tu sei con me;9;
Popoli tutti acclamate;0;
Prenderemo il largo;0;
Quale gioia;0;
Quello che abbiamo udito;0;
Rallegriamoci;0;
Re dei re;0;
Re di gloria;0;
Redentore delle genti;0;
Resta accanto a me;0;
Resta qui con noi;0;
Rimani con me (Maria Tu sei);0;
Rimani tra noi;0;
Risuscitò;15;Insieme a: Salve Regina
Salve Regina;0;Insieme a: Risuscitò
Salve dolce Vergine;0;
San Damiano;0;
San Francesco;14;
Santa Maria del cammino;15;
Santo (Bonfitto);0;
Santo (Buttazzo - Vita nuova con Te);0;
Santo (Francescato);0;
Santo (Gen Rosso e Gen Verde - Come fuoco vivo);0;
Santo (Giorgi);0;
Santo (Rossi);0;
Santo (Spoladore);0;
Santo (Zaire) (Osanna eh);0;Insieme a: Santo sei Tu
Santo (Zappalà);0;
Santo il signore (Ricci);0;
Santo sei Tu;12;Insieme a: Osanna eh
Scusa, Signore;0;
Se m'accogli;22;
Segni del tuo amore;0;
Segni nuovi;0;
Sei il mio rifugio;0;
Sei venuto dal cielo;0;
Servire è regnare;15;
Servo per amore;0;
Signore Gesù, venuto a perdonare;0;Insieme a: Ti lodiamo e t'adoriamo
Solo in Dio;0;
Sono qui a lodarti;12;
Spirito di Dio;0;
Su ali d'aquila;12;
Sulla tua parola (Pietro vai);0;
Taizé;0;
Te al centro del mio cuore;0;
Te deum (italiano);0;
Te deum (latino);0;
Te lodiamo, Trinità;0;
Ti esalto Dio mio re;0;
Ti loderò, ti adorerò, ti canterò;0;
Ti lodiamo e t'adoriamo;2;Insieme a: Signore Gesù, venuto a perdonare
Ti offriamo Signore;12;
Trasformi in Gesù;0;
Tu scendi dalle stelle;0;
Tu sei;0;
Tu sei la mia vita;12;
Tutta la terra attende;0;
Un cuore nuovo;0;
Venite fedeli;0;
Venite, applaudiamo al Signore;0;
Verbum panis;3;
Vieni Santo Spirito di Dio;0;
Vieni Spirito di Cristo;0;
Vieni e seguimi;0;
Vieni qui tra noi;0;
Vivere la vita;12;
Vocazione;0;
È bello lodarti;0;
È un giorno di festa;12;